--   			INSERT

-- clientes
insert into clientes (id_cliente, nombre, apellido, email, telefono) values (1, 'Lamont', 'Eller', 'leller0@mediafire.com', '854-957-6491');
insert into clientes (id_cliente, nombre, apellido, email, telefono) values (2, 'Jere', 'Coniam', 'jconiam1@hud.gov', '547-869-8059');
insert into clientes (id_cliente, nombre, apellido, email, telefono) values (3, 'Bjorn', 'Hawgood', 'bhawgood2@indiatimes.com', '143-267-1132');
insert into clientes (id_cliente, nombre, apellido, email, telefono) values (4, 'Cordy', 'Mangan', 'cmangan3@shop-pro.jp', '501-570-7108');
insert into clientes (id_cliente, nombre, apellido, email, telefono) values (5, 'Margi', 'Del Castello', 'mdelcastello4@wp.com', '586-892-4776');
insert into clientes (id_cliente, nombre, apellido, email, telefono) values (6, 'Salvidor', 'Czaja', 'sczaja5@comcast.net', '373-360-6365');
insert into clientes (id_cliente, nombre, apellido, email, telefono) values (7, 'Iver', 'Dubbin', 'idubbin6@youku.com', '544-537-7555');
insert into clientes (id_cliente, nombre, apellido, email, telefono) values (8, 'Kandy', 'Restall', 'krestall7@independent.co.uk', '522-659-3862');
insert into clientes (id_cliente, nombre, apellido, email, telefono) values (9, 'Zared', 'Sacker', 'zsacker8@hexun.com', '627-227-1875');
insert into clientes (id_cliente, nombre, apellido, email, telefono) values (10, 'Gherardo', 'Pollock', 'gpollock9@github.io', '444-159-5578');
insert into clientes (id_cliente, nombre, apellido, email, telefono) values (11, 'Darsie', 'Loveridge', 'dloveridgea@nasa.gov', '334-328-9828');
insert into clientes (id_cliente, nombre, apellido, email, telefono) values (12, 'Lief', 'Cotes', 'lcotesb@blogs.com', '396-823-4187');
insert into clientes (id_cliente, nombre, apellido, email, telefono) values (13, 'Florie', 'Hairyes', 'fhairyesc@about.com', '136-522-2804');
insert into clientes (id_cliente, nombre, apellido, email, telefono) values (14, 'Hube', 'Shackel', 'hshackeld@jimdo.com', '783-917-2893');
insert into clientes (id_cliente, nombre, apellido, email, telefono) values (15, 'Rani', 'Billes', 'rbillese@unblog.fr', '595-937-3259');
insert into clientes (id_cliente, nombre, apellido, email, telefono) values (16, 'Dona', 'Wealthall', 'dwealthallf@phpbb.com', '434-138-6599');
insert into clientes (id_cliente, nombre, apellido, email, telefono) values (17, 'Maggie', 'Dolley', 'mdolleyg@t.co', '654-992-9487');
insert into clientes (id_cliente, nombre, apellido, email, telefono) values (18, 'Lilia', 'Krystof', 'lkrystofh@craigslist.org', '856-914-9559');
insert into clientes (id_cliente, nombre, apellido, email, telefono) values (19, 'Stanwood', 'Wegenen', 'swegeneni@pinterest.com', '683-506-5266');
insert into clientes (id_cliente, nombre, apellido, email, telefono) values (20, 'Godfree', 'Darridon', 'gdarridonj@princeton.edu', '207-600-5396');
insert into clientes (id_cliente, nombre, apellido, email, telefono) values (21, 'Loren', 'Iredell', 'liredellk@dailymotion.com', '651-449-9933');
insert into clientes (id_cliente, nombre, apellido, email, telefono) values (22, 'Krispin', 'Trembley', 'ktrembleyl@nytimes.com', '921-145-7029');
insert into clientes (id_cliente, nombre, apellido, email, telefono) values (23, 'Kipp', 'Gainseford', 'kgainsefordm@free.fr', '854-799-9922');
insert into clientes (id_cliente, nombre, apellido, email, telefono) values (24, 'Marianna', 'Siemandl', 'msiemandln@berkeley.edu', '510-375-8365');
insert into clientes (id_cliente, nombre, apellido, email, telefono) values (25, 'Giselbert', 'Dumbell', 'gdumbello@instagram.com', '286-438-3450');
insert into clientes (id_cliente, nombre, apellido, email, telefono) values (26, 'Rebekah', 'Tooth', 'rtoothp@biglobe.ne.jp', '910-231-3921');
insert into clientes (id_cliente, nombre, apellido, email, telefono) values (27, 'Jozef', 'Pietzke', 'jpietzkeq@latimes.com', '939-129-0495');
insert into clientes (id_cliente, nombre, apellido, email, telefono) values (28, 'Thorsten', 'Brouncker', 'tbrounckerr@list-manage.com', '830-866-8531');
insert into clientes (id_cliente, nombre, apellido, email, telefono) values (29, 'Tandi', 'Stanex', 'tstanexs@163.com', '510-696-6485');
insert into clientes (id_cliente, nombre, apellido, email, telefono) values (30, 'Kaitlin', 'Lammin', 'klammint@diigo.com', '528-491-4536');
insert into clientes (id_cliente, nombre, apellido, email, telefono) values (31, 'Wilmette', 'Parsisson', 'wparsissonu@addthis.com', '102-984-3339');
insert into clientes (id_cliente, nombre, apellido, email, telefono) values (32, 'Krystyna', 'Frowen', 'kfrowenv@edublogs.org', '391-124-6019');
insert into clientes (id_cliente, nombre, apellido, email, telefono) values (33, 'Herby', 'Allison', 'hallisonw@army.mil', '668-690-2616');
insert into clientes (id_cliente, nombre, apellido, email, telefono) values (34, 'Eustace', 'Sperrett', 'esperrettx@furl.net', '830-677-2530');
insert into clientes (id_cliente, nombre, apellido, email, telefono) values (35, 'Malissa', 'Layus', 'mlayusy@unicef.org', '162-377-5677');
insert into clientes (id_cliente, nombre, apellido, email, telefono) values (36, 'Prescott', 'Sives', 'psivesz@weibo.com', '505-479-7883');
insert into clientes (id_cliente, nombre, apellido, email, telefono) values (37, 'Stuart', 'Orrill', 'sorrill10@51.la', '684-659-4797');
insert into clientes (id_cliente, nombre, apellido, email, telefono) values (38, 'Gabie', 'Hutchence', 'ghutchence11@de.vu', '283-398-9890');
insert into clientes (id_cliente, nombre, apellido, email, telefono) values (39, 'Bondie', 'Newbegin', 'bnewbegin12@homestead.com', '548-575-2660');
insert into clientes (id_cliente, nombre, apellido, email, telefono) values (40, 'Sashenka', 'Trussler', 'strussler13@auda.org.au', '133-954-4199');
insert into clientes (id_cliente, nombre, apellido, email, telefono) values (41, 'Sibylla', 'Skelding', 'sskelding14@ebay.co.uk', '926-376-0199');
insert into clientes (id_cliente, nombre, apellido, email, telefono) values (42, 'Sadella', 'Such', 'ssuch15@360.cn', '128-357-0566');
insert into clientes (id_cliente, nombre, apellido, email, telefono) values (43, 'Caty', 'Dickenson', 'cdickenson16@jimdo.com', '221-152-7185');
insert into clientes (id_cliente, nombre, apellido, email, telefono) values (44, 'Idalina', 'Baunton', 'ibaunton17@europa.eu', '388-176-7548');
insert into clientes (id_cliente, nombre, apellido, email, telefono) values (45, 'Christoffer', 'Dobbie', 'cdobbie18@fc2.com', '543-348-1514');
insert into clientes (id_cliente, nombre, apellido, email, telefono) values (46, 'Boothe', 'Forlonge', 'bforlonge19@yale.edu', '773-223-5513');
insert into clientes (id_cliente, nombre, apellido, email, telefono) values (47, 'Esmaria', 'Dow', 'edow1a@huffingtonpost.com', '470-359-4652');
insert into clientes (id_cliente, nombre, apellido, email, telefono) values (48, 'Yelena', 'Mackro', 'ymackro1b@hhs.gov', '742-180-9221');
insert into clientes (id_cliente, nombre, apellido, email, telefono) values (49, 'Annabal', 'Owain', 'aowain1c@zimbio.com', '890-184-7373');
insert into clientes (id_cliente, nombre, apellido, email, telefono) values (50, 'Shantee', 'O'' Donohoe', 'sodonohoe1d@instagram.com', '271-293-6931');
insert into clientes (id_cliente, nombre, apellido, email, telefono) values (51, 'Jocelin', 'Wigfield', 'jwigfield1e@amazon.com', '599-412-2100');
insert into clientes (id_cliente, nombre, apellido, email, telefono) values (52, 'Rebecca', 'Stert', 'rstert1f@bravesites.com', '307-110-2401');
insert into clientes (id_cliente, nombre, apellido, email, telefono) values (53, 'Celestyna', 'Cowdrey', 'ccowdrey1g@mysql.com', '885-780-3947');
insert into clientes (id_cliente, nombre, apellido, email, telefono) values (54, 'Zebedee', 'Pawley', 'zpawley1h@instagram.com', '529-719-7038');
insert into clientes (id_cliente, nombre, apellido, email, telefono) values (55, 'Weidar', 'Eberz', 'weberz1i@businesswire.com', '160-460-3176');
insert into clientes (id_cliente, nombre, apellido, email, telefono) values (56, 'Archaimbaud', 'Origan', 'aorigan1j@about.me', '277-886-4694');
insert into clientes (id_cliente, nombre, apellido, email, telefono) values (57, 'Helaina', 'Finey', 'hfiney1k@senate.gov', '739-993-4782');
insert into clientes (id_cliente, nombre, apellido, email, telefono) values (58, 'Marylou', 'Pickford', 'mpickford1l@flickr.com', '241-638-7098');
insert into clientes (id_cliente, nombre, apellido, email, telefono) values (59, 'Harri', 'Hansbury', 'hhansbury1m@washingtonpost.com', '279-863-9660');
insert into clientes (id_cliente, nombre, apellido, email, telefono) values (60, 'Murielle', 'Kloster', 'mkloster1n@archive.org', '991-514-4694');
insert into clientes (id_cliente, nombre, apellido, email, telefono) values (61, 'Adore', 'Cafe', 'acafe1o@delicious.com', '789-917-2178');
insert into clientes (id_cliente, nombre, apellido, email, telefono) values (62, 'Adriane', 'Hawkslee', 'ahawkslee1p@de.vu', '332-210-9104');
insert into clientes (id_cliente, nombre, apellido, email, telefono) values (63, 'Rosmunda', 'Linnit', 'rlinnit1q@washingtonpost.com', '225-307-7226');
insert into clientes (id_cliente, nombre, apellido, email, telefono) values (64, 'Cecilia', 'Rudsdale', 'crudsdale1r@latimes.com', '654-816-1278');
insert into clientes (id_cliente, nombre, apellido, email, telefono) values (65, 'Mersey', 'Lavallin', 'mlavallin1s@webeden.co.uk', '246-829-1700');
insert into clientes (id_cliente, nombre, apellido, email, telefono) values (66, 'Nicholas', 'Flatman', 'nflatman1t@blogger.com', '581-113-3691');
insert into clientes (id_cliente, nombre, apellido, email, telefono) values (67, 'Blair', 'Shellshear', 'bshellshear1u@google.co.uk', '494-855-5351');
insert into clientes (id_cliente, nombre, apellido, email, telefono) values (68, 'Kathryn', 'Stangoe', 'kstangoe1v@usa.gov', '327-661-9416');
insert into clientes (id_cliente, nombre, apellido, email, telefono) values (69, 'Stillman', 'Shave', 'sshave1w@princeton.edu', '692-304-5970');
insert into clientes (id_cliente, nombre, apellido, email, telefono) values (70, 'Ericha', 'Mapledorum', 'emapledorum1x@nytimes.com', '793-949-7584');
insert into clientes (id_cliente, nombre, apellido, email, telefono) values (71, 'Mozes', 'Glazzard', 'mglazzard1y@latimes.com', '749-515-7361');
insert into clientes (id_cliente, nombre, apellido, email, telefono) values (72, 'Benoite', 'Lamberth', 'blamberth1z@china.com.cn', '535-882-9286');
insert into clientes (id_cliente, nombre, apellido, email, telefono) values (73, 'Francoise', 'Rosenschein', 'frosenschein20@bloglovin.com', '681-778-9864');
insert into clientes (id_cliente, nombre, apellido, email, telefono) values (74, 'Shaine', 'Keysall', 'skeysall21@storify.com', '861-324-6875');
insert into clientes (id_cliente, nombre, apellido, email, telefono) values (75, 'Galvin', 'Kettlestringe', 'gkettlestringe22@wired.com', '596-530-8745');
insert into clientes (id_cliente, nombre, apellido, email, telefono) values (76, 'Ryann', 'Barge', 'rbarge23@slashdot.org', '800-314-1367');
insert into clientes (id_cliente, nombre, apellido, email, telefono) values (77, 'Bab', 'Escoffier', 'bescoffier24@google.de', '579-257-2362');
insert into clientes (id_cliente, nombre, apellido, email, telefono) values (78, 'Doe', 'Tanton', 'dtanton25@time.com', '274-880-5695');
insert into clientes (id_cliente, nombre, apellido, email, telefono) values (79, 'Nikos', 'Moizer', 'nmoizer26@washingtonpost.com', '917-548-1956');
insert into clientes (id_cliente, nombre, apellido, email, telefono) values (80, 'Dominique', 'Dannohl', 'ddannohl27@ox.ac.uk', '650-294-2375');
insert into clientes (id_cliente, nombre, apellido, email, telefono) values (81, 'Dennie', 'Gooderson', 'dgooderson28@google.com.br', '305-426-6533');
insert into clientes (id_cliente, nombre, apellido, email, telefono) values (82, 'Howey', 'Guy', 'hguy29@cdc.gov', '282-939-7533');
insert into clientes (id_cliente, nombre, apellido, email, telefono) values (83, 'Dorolisa', 'Goude', 'dgoude2a@pinterest.com', '409-869-1001');
insert into clientes (id_cliente, nombre, apellido, email, telefono) values (84, 'Monroe', 'Saleway', 'msaleway2b@theguardian.com', '118-642-1190');
insert into clientes (id_cliente, nombre, apellido, email, telefono) values (85, 'Stefanie', 'Frith', 'sfrith2c@php.net', '684-332-0533');
insert into clientes (id_cliente, nombre, apellido, email, telefono) values (86, 'Margit', 'Marcum', 'mmarcum2d@blinklist.com', '476-681-1163');
insert into clientes (id_cliente, nombre, apellido, email, telefono) values (87, 'Melamie', 'Osgood', 'mosgood2e@acquirethisname.com', '172-204-2632');
insert into clientes (id_cliente, nombre, apellido, email, telefono) values (88, 'Mufinella', 'Cheshir', 'mcheshir2f@tiny.cc', '203-400-7459');
insert into clientes (id_cliente, nombre, apellido, email, telefono) values (89, 'Fredi', 'Cardno', 'fcardno2g@trellian.com', '762-482-3269');
insert into clientes (id_cliente, nombre, apellido, email, telefono) values (90, 'Jennilee', 'Lindenfeld', 'jlindenfeld2h@theatlantic.com', '299-121-6827');
insert into clientes (id_cliente, nombre, apellido, email, telefono) values (91, 'Verney', 'Managh', 'vmanagh2i@nba.com', '375-121-3419');
insert into clientes (id_cliente, nombre, apellido, email, telefono) values (92, 'Carlee', 'Sumshon', 'csumshon2j@mail.ru', '742-739-1585');
insert into clientes (id_cliente, nombre, apellido, email, telefono) values (93, 'Raphaela', 'Cordie', 'rcordie2k@imageshack.us', '538-682-8288');
insert into clientes (id_cliente, nombre, apellido, email, telefono) values (94, 'Magnum', 'Vedenisov', 'mvedenisov2l@devhub.com', '643-998-0935');
insert into clientes (id_cliente, nombre, apellido, email, telefono) values (95, 'Imogene', 'Batchelor', 'ibatchelor2m@samsung.com', '362-173-5466');
insert into clientes (id_cliente, nombre, apellido, email, telefono) values (96, 'Kylie', 'Dourin', 'kdourin2n@wikipedia.org', '587-517-3873');
insert into clientes (id_cliente, nombre, apellido, email, telefono) values (97, 'Sonia', 'Fawley', 'sfawley2o@homestead.com', '983-211-3641');
insert into clientes (id_cliente, nombre, apellido, email, telefono) values (98, 'Kellen', 'Satcher', 'ksatcher2p@pen.io', '537-479-1276');
insert into clientes (id_cliente, nombre, apellido, email, telefono) values (99, 'Zitella', 'Salliere', 'zsalliere2q@imageshack.us', '288-872-0649');
insert into clientes (id_cliente, nombre, apellido, email, telefono) values (100, 'Dani', 'Eyles', 'deyles2r@usatoday.com', '507-804-7215');


-- categoria
insert into categorias (id_categoria, nombre) values (1, "Bebidas Alcoholicas");
insert into categorias (id_categoria, nombre) values (2, "Fiambres ");
insert into categorias (id_categoria, nombre) values (3, "Pastas");
insert into categorias (id_categoria, nombre) values (4, "Verduras ");
insert into categorias (id_categoria, nombre) values (5, "Carnes ");
insert into categorias (id_categoria, nombre) values (6, "Lacteos ");
insert into categorias (id_categoria, nombre) values (7, "Frutas ");
insert into categorias (id_categoria, nombre) values (8, "Bebidas Gaseosas ");
insert into categorias (id_categoria, nombre) values (9, "Articulos Limpieza");
insert into categorias (id_categoria, nombre) values (10, "Golosinas");

-- proveedores
insert into proveedores (id_proveedores, nombre, email, telefono) values (1, 'Kwinu', 'ppeople0@simplemachines.org', '(777) 7232334');
insert into proveedores (id_proveedores, nombre, email, telefono) values (2, 'Wikivu', 'rkohtler1@dropbox.com', '(972) 7662348');
insert into proveedores (id_proveedores, nombre, email, telefono) values (3, 'Jaxbean', 'tstreight2@oracle.com', '(473) 8106901');
insert into proveedores (id_proveedores, nombre, email, telefono) values (4, 'Fatz', 'bschonfelder3@un.org', '(732) 5311746');
insert into proveedores (id_proveedores, nombre, email, telefono) values (5, 'JumpXS', 'hboase4@tinyurl.com', '(546) 2724769');
insert into proveedores (id_proveedores, nombre, email, telefono) values (6, 'Podcat', 'mguerrier5@dagondesign.com', '(360) 2399064');
insert into proveedores (id_proveedores, nombre, email, telefono) values (7, 'Zoombeat', 'skiddey6@va.gov', '(246) 1492493');
insert into proveedores (id_proveedores, nombre, email, telefono) values (8, 'Twimm', 'rstanger7@bigcartel.com', '(924) 1957959');
insert into proveedores (id_proveedores, nombre, email, telefono) values (9, 'Wikibox', 'ostothart8@psu.edu', '(595) 7104683');
insert into proveedores (id_proveedores, nombre, email, telefono) values (10, 'Skippad', 'scicculi9@reverbnation.com', '(319) 2617001');
insert into proveedores (id_proveedores, nombre, email, telefono) values (11, 'Meeveo', 'abroxholmea@nhs.uk', '(749) 8805624');
insert into proveedores (id_proveedores, nombre, email, telefono) values (12, 'Jabberstorm', 'ggriswaiteb@xing.com', '(360) 1812716');
insert into proveedores (id_proveedores, nombre, email, telefono) values (13, 'Yakijo', 'hcastletonc@weebly.com', '(444) 1653637');
insert into proveedores (id_proveedores, nombre, email, telefono) values (14, 'Meejo', 'ghoxeyd@simplemachines.org', '(518) 5168467');
insert into proveedores (id_proveedores, nombre, email, telefono) values (15, 'Thoughtstorm', 'ddenerleye@drupal.org', '(455) 1659522');

-- productos 
insert into productos (id_producto, nombre, descripcion, precio, id_proveedores, id_categoria) values (1, 'Wine - Tio Pepe Sherry Fino', 'Enterprise-wide bottom-line open system', 35844.29, 1, 6);
insert into productos (id_producto, nombre, descripcion, precio, id_proveedores, id_categoria) values (2, 'Pastry - Carrot Muffin - Mini', 'Quality-focused neutral array', 22894.56, 1, 6);
insert into productos (id_producto, nombre, descripcion, precio, id_proveedores, id_categoria) values (3, 'Lamb - Shoulder, Boneless', 'Monitored tertiary archive', 45566.22, 15, 3);
insert into productos (id_producto, nombre, descripcion, precio, id_proveedores, id_categoria) values (4, 'Lamb - Whole, Frozen', 'Advanced coherent moratorium', 9488.86, 5, 3);
insert into productos (id_producto, nombre, descripcion, precio, id_proveedores, id_categoria) values (5, 'Pork - Side Ribs', 'Enhanced local system engine', 36401.34, 8, 10);
insert into productos (id_producto, nombre, descripcion, precio, id_proveedores, id_categoria) values (6, 'Eggplant - Asian', 'Sharable non-volatile matrices', 49051.07, 5, 7);
insert into productos (id_producto, nombre, descripcion, precio, id_proveedores, id_categoria) values (7, 'Fond - Chocolate', 'Customer-focused motivating instruction set', 47533.14, 3, 6);
insert into productos (id_producto, nombre, descripcion, precio, id_proveedores, id_categoria) values (8, 'Pork - Loin, Boneless', 'Automated exuding utilisation', 30161.34, 15, 6);
insert into productos (id_producto, nombre, descripcion, precio, id_proveedores, id_categoria) values (9, 'Chick Peas - Canned', 'Ergonomic intangible capability', 37536.48, 15, 2);
insert into productos (id_producto, nombre, descripcion, precio, id_proveedores, id_categoria) values (10, 'Juice - Cranberry, 341 Ml', 'Pre-emptive client-driven project', 31368.72, 10, 4);
insert into productos (id_producto, nombre, descripcion, precio, id_proveedores, id_categoria) values (11, 'Veal - Shank, Pieces', 'Decentralized grid-enabled implementation', 30773.29, 4, 1);
insert into productos (id_producto, nombre, descripcion, precio, id_proveedores, id_categoria) values (12, 'Soap - Hand Soap', 'Team-oriented next generation strategy', 22067.3, 15, 2);
insert into productos (id_producto, nombre, descripcion, precio, id_proveedores, id_categoria) values (13, 'Tomatoes - Vine Ripe, Red', 'User-friendly asymmetric groupware', 12845.59, 15, 10);
insert into productos (id_producto, nombre, descripcion, precio, id_proveedores, id_categoria) values (14, 'Dooleys Toffee', 'Inverse disintermediate hierarchy', 668.13, 9, 6);
insert into productos (id_producto, nombre, descripcion, precio, id_proveedores, id_categoria) values (15, 'Cheese - Marble', 'Realigned upward-trending product', 23641.77, 7, 6);
insert into productos (id_producto, nombre, descripcion, precio, id_proveedores, id_categoria) values (16, 'Cheese - Perron Cheddar', 'Programmable optimal challenge', 13310.21, 6, 10);
insert into productos (id_producto, nombre, descripcion, precio, id_proveedores, id_categoria) values (17, 'Squash - Sunburst', 'Streamlined composite access', 47183.59, 3, 10);
insert into productos (id_producto, nombre, descripcion, precio, id_proveedores, id_categoria) values (18, 'Cup - 8oz Coffee Perforated', 'Expanded neutral info-mediaries', 38147.76, 12, 5);
insert into productos (id_producto, nombre, descripcion, precio, id_proveedores, id_categoria) values (19, 'Muffin Batt - Ban Dream Zero', 'Open-source discrete collaboration', 22139.03, 5, 1);
insert into productos (id_producto, nombre, descripcion, precio, id_proveedores, id_categoria) values (20, 'Tea Leaves - Oolong', 'Horizontal eco-centric functionalities', 4966.0, 15, 2);
insert into productos (id_producto, nombre, descripcion, precio, id_proveedores, id_categoria) values (21, 'Calypso - Strawberry Lemonade', 'Future-proofed clear-thinking methodology', 14882.39, 7, 10);
insert into productos (id_producto, nombre, descripcion, precio, id_proveedores, id_categoria) values (22, 'Cheese - Brie, Cups 125g', 'Cross-platform maximized software', 41451.11, 6, 1);
insert into productos (id_producto, nombre, descripcion, precio, id_proveedores, id_categoria) values (23, 'Tortillas - Flour, 8', 'Centralized upward-trending complexity', 16928.69, 3, 9);
insert into productos (id_producto, nombre, descripcion, precio, id_proveedores, id_categoria) values (24, 'Fond - Chocolate', 'Up-sized eco-centric database', 14144.68, 15, 9);
insert into productos (id_producto, nombre, descripcion, precio, id_proveedores, id_categoria) values (25, 'Pasta - Lasagna Noodle, Frozen', 'Proactive interactive internet solution', 19878.43, 5, 7);
insert into productos (id_producto, nombre, descripcion, precio, id_proveedores, id_categoria) values (26, 'Frangelico', 'Team-oriented methodical installation', 22320.28, 10, 1);
insert into productos (id_producto, nombre, descripcion, precio, id_proveedores, id_categoria) values (27, 'Sour Puss Raspberry', 'Implemented asynchronous service-desk', 17126.07, 7, 9);
insert into productos (id_producto, nombre, descripcion, precio, id_proveedores, id_categoria) values (28, 'Broom - Angled', 'Multi-layered client-driven solution', 43632.68, 3, 5);
insert into productos (id_producto, nombre, descripcion, precio, id_proveedores, id_categoria) values (29, 'Soup Campbells Split Pea And Ham', 'Horizontal clear-thinking parallelism', 25468.85, 10, 8);
insert into productos (id_producto, nombre, descripcion, precio, id_proveedores, id_categoria) values (30, 'Tomato - Green', 'Sharable motivating matrices', 24752.73, 10, 6);
insert into productos (id_producto, nombre, descripcion, precio, id_proveedores, id_categoria) values (31, 'Rum - White, Gg White', 'Organic foreground contingency', 16584.4, 1, 8);
insert into productos (id_producto, nombre, descripcion, precio, id_proveedores, id_categoria) values (32, 'Wine - Chardonnay Mondavi', 'Devolved interactive focus group', 9024.23, 1, 9);
insert into productos (id_producto, nombre, descripcion, precio, id_proveedores, id_categoria) values (33, 'Ice Cream - Fudge Bars', 'Reactive multi-state encoding', 40468.21, 11, 4);
insert into productos (id_producto, nombre, descripcion, precio, id_proveedores, id_categoria) values (34, 'Rice - Aborio', 'Multi-tiered coherent artificial intelligence', 21621.16, 7, 3);
insert into productos (id_producto, nombre, descripcion, precio, id_proveedores, id_categoria) values (35, 'Beer - Rickards Red', 'Vision-oriented directional software', 48426.05, 10, 2);
insert into productos (id_producto, nombre, descripcion, precio, id_proveedores, id_categoria) values (36, 'Mortadella', 'Customer-focused 24 hour neural-net', 48002.71, 8, 10);
insert into productos (id_producto, nombre, descripcion, precio, id_proveedores, id_categoria) values (37, 'Coffee Cup 12oz 5342cd', 'Assimilated dynamic archive', 14391.38, 8, 8);
insert into productos (id_producto, nombre, descripcion, precio, id_proveedores, id_categoria) values (38, 'Basil - Primerba, Paste', 'Assimilated full-range process improvement', 15646.73, 4, 6);
insert into productos (id_producto, nombre, descripcion, precio, id_proveedores, id_categoria) values (39, 'Ice Cream - Fudge Bars', 'Public-key dynamic product', 11657.04, 13, 5);
insert into productos (id_producto, nombre, descripcion, precio, id_proveedores, id_categoria) values (40, 'Vinegar - Balsamic, White', 'Function-based heuristic complexity', 45846.54, 10, 8);
insert into productos (id_producto, nombre, descripcion, precio, id_proveedores, id_categoria) values (41, 'Cheese - Shred Cheddar / Mozza', 'Adaptive holistic infrastructure', 347.46, 5, 8);
insert into productos (id_producto, nombre, descripcion, precio, id_proveedores, id_categoria) values (42, 'Sage - Ground', 'Robust zero defect implementation', 45453.49, 4, 8);
insert into productos (id_producto, nombre, descripcion, precio, id_proveedores, id_categoria) values (43, 'Cookies - Fortune', 'Integrated demand-driven neural-net', 31843.01, 6, 6);
insert into productos (id_producto, nombre, descripcion, precio, id_proveedores, id_categoria) values (44, 'Thyme - Lemon, Fresh', 'Object-based 24/7 conglomeration', 33483.57, 6, 5);
insert into productos (id_producto, nombre, descripcion, precio, id_proveedores, id_categoria) values (45, 'Cheese Cheddar Processed', 'Synergistic bifurcated extranet', 23545.41, 2, 7);
insert into productos (id_producto, nombre, descripcion, precio, id_proveedores, id_categoria) values (46, 'Filter - Coffee', 'Decentralized mobile flexibility', 8734.59, 9, 7);
insert into productos (id_producto, nombre, descripcion, precio, id_proveedores, id_categoria) values (47, 'Bananas', 'Integrated 5th generation software', 17985.84, 8, 1);
insert into productos (id_producto, nombre, descripcion, precio, id_proveedores, id_categoria) values (48, 'Butter - Pod', 'Optional didactic framework', 5366.6, 11, 8);
insert into productos (id_producto, nombre, descripcion, precio, id_proveedores, id_categoria) values (49, 'Longos - Penne With Pesto', 'Integrated background algorithm', 17903.04, 4, 1);
insert into productos (id_producto, nombre, descripcion, precio, id_proveedores, id_categoria) values (50, 'Pizza Pizza Dough', 'Total exuding encryption', 32206.24, 6, 4);
insert into productos (id_producto, nombre, descripcion, precio, id_proveedores, id_categoria) values (51, 'Trout - Smoked', 'Extended 24/7 local area network', 45413.29, 6, 10);
insert into productos (id_producto, nombre, descripcion, precio, id_proveedores, id_categoria) values (52, 'Yogurt - Plain', 'Focused client-server approach', 25495.37, 3, 2);
insert into productos (id_producto, nombre, descripcion, precio, id_proveedores, id_categoria) values (53, 'Garbage Bags - Clear', 'Ergonomic clear-thinking moderator', 11365.16, 1, 9);
insert into productos (id_producto, nombre, descripcion, precio, id_proveedores, id_categoria) values (54, 'Icecream Bar - Del Monte', 'Grass-roots optimizing framework', 14536.36, 4, 8);
insert into productos (id_producto, nombre, descripcion, precio, id_proveedores, id_categoria) values (55, 'Cake - Pancake', 'Enhanced well-modulated policy', 15859.77, 5, 1);
insert into productos (id_producto, nombre, descripcion, precio, id_proveedores, id_categoria) values (56, 'Stock - Veal, Brown', 'Face to face encompassing synergy', 8786.5, 8, 3);
insert into productos (id_producto, nombre, descripcion, precio, id_proveedores, id_categoria) values (57, 'Appetizer - Shrimp Puff', 'Adaptive uniform capability', 31564.45, 14, 2);
insert into productos (id_producto, nombre, descripcion, precio, id_proveedores, id_categoria) values (58, 'Wine - Carmenere Casillero Del', 'Optional demand-driven open architecture', 29919.8, 10, 2);
insert into productos (id_producto, nombre, descripcion, precio, id_proveedores, id_categoria) values (59, 'Squash - Butternut', 'Pre-emptive asynchronous adapter', 3133.41, 6, 6);
insert into productos (id_producto, nombre, descripcion, precio, id_proveedores, id_categoria) values (60, 'Jam - Blackberry, 20 Ml Jar', 'Virtual zero defect open architecture', 8852.44, 11, 8);
insert into productos (id_producto, nombre, descripcion, precio, id_proveedores, id_categoria) values (61, 'Capers - Pickled', 'Enhanced disintermediate attitude', 23030.13, 9, 10);
insert into productos (id_producto, nombre, descripcion, precio, id_proveedores, id_categoria) values (62, 'Tea - Grapefruit Green Tea', 'Synergistic responsive website', 41178.97, 9, 6);
insert into productos (id_producto, nombre, descripcion, precio, id_proveedores, id_categoria) values (63, 'Pastry - Apple Muffins - Mini', 'Multi-tiered multimedia middleware', 14480.11, 11, 6);
insert into productos (id_producto, nombre, descripcion, precio, id_proveedores, id_categoria) values (64, 'Cream - 18%', 'Vision-oriented grid-enabled definition', 22998.96, 7, 1);
insert into productos (id_producto, nombre, descripcion, precio, id_proveedores, id_categoria) values (65, 'Wasabi Powder', 'Phased impactful groupware', 29521.06, 1, 3);
insert into productos (id_producto, nombre, descripcion, precio, id_proveedores, id_categoria) values (66, 'Foam Tray S2', 'De-engineered content-based portal', 6858.1, 10, 4);
insert into productos (id_producto, nombre, descripcion, precio, id_proveedores, id_categoria) values (67, 'Cookie Dough - Oatmeal Rasin', 'Cross-group coherent productivity', 29601.54, 2, 10);
insert into productos (id_producto, nombre, descripcion, precio, id_proveedores, id_categoria) values (68, 'Gherkin - Sour', 'User-centric tertiary protocol', 22183.98, 9, 4);
insert into productos (id_producto, nombre, descripcion, precio, id_proveedores, id_categoria) values (69, 'Stainless Steel Cleaner Vision', 'Enhanced 6th generation concept', 14220.62, 4, 9);
insert into productos (id_producto, nombre, descripcion, precio, id_proveedores, id_categoria) values (70, 'Creme De Menth - White', 'Stand-alone empowering internet solution', 37155.8, 2, 4);
insert into productos (id_producto, nombre, descripcion, precio, id_proveedores, id_categoria) values (71, 'Cheese - Cambozola', 'Sharable value-added support', 13806.0, 8, 7);
insert into productos (id_producto, nombre, descripcion, precio, id_proveedores, id_categoria) values (72, 'Cheese - Mozzarella, Buffalo', 'Synergistic asynchronous neural-net', 31677.29, 15, 5);
insert into productos (id_producto, nombre, descripcion, precio, id_proveedores, id_categoria) values (73, 'Cocoa Butter', 'Expanded bifurcated framework', 45575.74, 2, 9);
insert into productos (id_producto, nombre, descripcion, precio, id_proveedores, id_categoria) values (74, 'Wine - Cahors Ac 2000, Clos', 'Object-based heuristic encryption', 20915.58, 5, 1);
insert into productos (id_producto, nombre, descripcion, precio, id_proveedores, id_categoria) values (75, 'Nantucket Pine Orangebanana', 'Extended zero administration structure', 10290.51, 2, 1);
insert into productos (id_producto, nombre, descripcion, precio, id_proveedores, id_categoria) values (76, 'Salad Dressing', 'Organized heuristic policy', 49979.04, 10, 2);
insert into productos (id_producto, nombre, descripcion, precio, id_proveedores, id_categoria) values (77, 'Juice - Pineapple, 48 Oz', 'Inverse clear-thinking challenge', 38059.39, 3, 3);
insert into productos (id_producto, nombre, descripcion, precio, id_proveedores, id_categoria) values (78, 'Soup - Campbells Chili', 'Cross-group zero administration ability', 30822.88, 11, 10);
insert into productos (id_producto, nombre, descripcion, precio, id_proveedores, id_categoria) values (79, 'Pear - Packum', 'Enterprise-wide national contingency', 46732.66, 10, 9);
insert into productos (id_producto, nombre, descripcion, precio, id_proveedores, id_categoria) values (80, 'Wine - Sherry Dry Sack, William', 'Exclusive homogeneous matrices', 36448.02, 1, 10);
insert into productos (id_producto, nombre, descripcion, precio, id_proveedores, id_categoria) values (81, 'Beer - Sleeman Fine Porter', 'Re-engineered bi-directional firmware', 10862.84, 8, 4);
insert into productos (id_producto, nombre, descripcion, precio, id_proveedores, id_categoria) values (82, 'Sage Derby', 'Diverse maximized complexity', 11352.62, 6, 1);
insert into productos (id_producto, nombre, descripcion, precio, id_proveedores, id_categoria) values (83, 'Syrup - Monin - Blue Curacao', 'Automated local encoding', 17300.55, 11, 8);
insert into productos (id_producto, nombre, descripcion, precio, id_proveedores, id_categoria) values (84, 'Lettuce - Belgian Endive', 'Synergistic grid-enabled database', 7003.44, 8, 6);
insert into productos (id_producto, nombre, descripcion, precio, id_proveedores, id_categoria) values (85, 'Tart Shells - Barquettes, Savory', 'Implemented systemic toolset', 24484.17, 9, 4);
insert into productos (id_producto, nombre, descripcion, precio, id_proveedores, id_categoria) values (86, 'Marjoram - Dried, Rubbed', 'Horizontal explicit moderator', 27372.83, 13, 9);
insert into productos (id_producto, nombre, descripcion, precio, id_proveedores, id_categoria) values (87, 'Apple - Northern Spy', 'Persistent exuding synergy', 12057.99, 3, 9);
insert into productos (id_producto, nombre, descripcion, precio, id_proveedores, id_categoria) values (88, 'Nut - Pecan, Halves', 'Pre-emptive neutral core', 33751.22, 12, 8);
insert into productos (id_producto, nombre, descripcion, precio, id_proveedores, id_categoria) values (89, 'Sprouts Dikon', 'Inverse bifurcated throughput', 16827.52, 6, 2);
insert into productos (id_producto, nombre, descripcion, precio, id_proveedores, id_categoria) values (90, 'Yucca', 'Pre-emptive responsive core', 20192.73, 3, 7);
insert into productos (id_producto, nombre, descripcion, precio, id_proveedores, id_categoria) values (91, 'Towel Dispenser', 'Sharable dedicated conglomeration', 12447.78, 3, 1);
insert into productos (id_producto, nombre, descripcion, precio, id_proveedores, id_categoria) values (92, 'Bread Roll Foccacia', 'User-centric logistical product', 18876.77, 6, 3);
insert into productos (id_producto, nombre, descripcion, precio, id_proveedores, id_categoria) values (93, 'Iced Tea Concentrate', 'Integrated zero defect methodology', 6739.97, 11, 7);
insert into productos (id_producto, nombre, descripcion, precio, id_proveedores, id_categoria) values (94, 'Spring Roll Wrappers', 'Networked 6th generation standardization', 14736.48, 10, 5);
insert into productos (id_producto, nombre, descripcion, precio, id_proveedores, id_categoria) values (95, 'Wine - Prem Select Charddonany', 'User-friendly clear-thinking workforce', 36081.26, 8, 7);
insert into productos (id_producto, nombre, descripcion, precio, id_proveedores, id_categoria) values (96, 'Lettuce - Baby Salad Greens', 'Reverse-engineered actuating functionalities', 6328.15, 15, 7);
insert into productos (id_producto, nombre, descripcion, precio, id_proveedores, id_categoria) values (97, 'Bread - Bagels, Mini', 'Synchronised intangible architecture', 33996.79, 13, 4);
insert into productos (id_producto, nombre, descripcion, precio, id_proveedores, id_categoria) values (98, 'Persimmons', 'Stand-alone leading edge hardware', 13276.39, 2, 1);
insert into productos (id_producto, nombre, descripcion, precio, id_proveedores, id_categoria) values (99, 'Pop - Club Soda Can', 'Decentralized well-modulated interface', 40870.38, 10, 8);
insert into productos (id_producto, nombre, descripcion, precio, id_proveedores, id_categoria) values (100, 'Muffin Puck Ww Carrot', 'Realigned composite system engine', 47085.91, 14, 8);
update productos set activo = 1 where id_producto <> 0;

-- empleados
insert into empleados (id_empleado, nombre, apellido, cargo) values (1, 'Amata', 'Wynrehame', 'Training');
insert into empleados (id_empleado, nombre, apellido, cargo) values (2, 'Dona', 'Benez', 'Product Management');
insert into empleados (id_empleado, nombre, apellido, cargo) values (3, 'Marjorie', 'Jubert', 'Business Development');
insert into empleados (id_empleado, nombre, apellido, cargo) values (4, 'Albrecht', 'Ranns', 'Services');
insert into empleados (id_empleado, nombre, apellido, cargo) values (5, 'Prinz', 'Habron', 'Research and Development');
insert into empleados (id_empleado, nombre, apellido, cargo) values (6, 'Nomi', 'Coaker', 'Business Development');
insert into empleados (id_empleado, nombre, apellido, cargo) values (7, 'Margot', 'Legrice', 'Business Development');
insert into empleados (id_empleado, nombre, apellido, cargo) values (8, 'Pincus', 'Govern', 'Support');
insert into empleados (id_empleado, nombre, apellido, cargo) values (9, 'Stace', 'Sysland', 'Support');
insert into empleados (id_empleado, nombre, apellido, cargo) values (10, 'Justine', 'Luty', 'Support');
insert into empleados (id_empleado, nombre, apellido, cargo) values (11, 'Kessia', 'Glaze', 'Training');
insert into empleados (id_empleado, nombre, apellido, cargo) values (12, 'Rosanne', 'Hexham', 'Research and Development');
insert into empleados (id_empleado, nombre, apellido, cargo) values (13, 'Van', 'Gianelli', 'Marketing');
insert into empleados (id_empleado, nombre, apellido, cargo) values (14, 'Anthony', 'Fearnill', 'Marketing');
insert into empleados (id_empleado, nombre, apellido, cargo) values (15, 'Redford', 'Mathouse', 'Business Development');
insert into empleados (id_empleado, nombre, apellido, cargo) values (16, 'Lev', 'Duetsche', 'Services');
insert into empleados (id_empleado, nombre, apellido, cargo) values (17, 'Madelena', 'Paolacci', 'Product Management');
insert into empleados (id_empleado, nombre, apellido, cargo) values (18, 'Pierrette', 'Olorenshaw', 'Product Management');
insert into empleados (id_empleado, nombre, apellido, cargo) values (19, 'Ursa', 'Tulley', 'Accounting');
insert into empleados (id_empleado, nombre, apellido, cargo) values (20, 'Cathrin', 'Brade', 'Training');
insert into empleados (id_empleado, nombre, apellido, cargo) values (21, 'Marylin', 'Argyle', 'Product Management');
insert into empleados (id_empleado, nombre, apellido, cargo) values (22, 'Eldin', 'Rosas', 'Support');
insert into empleados (id_empleado, nombre, apellido, cargo) values (23, 'Zach', 'McHale', 'Human Resources');
insert into empleados (id_empleado, nombre, apellido, cargo) values (24, 'Grier', 'Mangin', 'Engineering');
insert into empleados (id_empleado, nombre, apellido, cargo) values (25, 'Web', 'Millward', 'Services');
insert into empleados (id_empleado, nombre, apellido, cargo) values (26, 'Sonya', 'Bigby', 'Business Development');
insert into empleados (id_empleado, nombre, apellido, cargo) values (27, 'Marguerite', 'Curro', 'Marketing');
insert into empleados (id_empleado, nombre, apellido, cargo) values (28, 'Shanda', 'Birdsall', 'Legal');
insert into empleados (id_empleado, nombre, apellido, cargo) values (29, 'Eldredge', 'Nozzolii', 'Research and Development');
insert into empleados (id_empleado, nombre, apellido, cargo) values (30, 'Sib', 'Simoncini', 'Business Development');
update empleados set activo = 1 where id_empleado <> 0;

-- stock
insert into stock (id_stock, cantidad, id_proveedores, id_producto) values (1, 56, 14, 1);
insert into stock (id_stock, cantidad, id_proveedores, id_producto) values (2, 69, 14, 2);
insert into stock (id_stock, cantidad, id_proveedores, id_producto) values (3, 36, 10, 3);
insert into stock (id_stock, cantidad, id_proveedores, id_producto) values (4, 52, 2, 4);
insert into stock (id_stock, cantidad, id_proveedores, id_producto) values (5, 9, 15, 5);
insert into stock (id_stock, cantidad, id_proveedores, id_producto) values (6, 73, 3, 6);
insert into stock (id_stock, cantidad, id_proveedores, id_producto) values (7, 5, 5, 7);
insert into stock (id_stock, cantidad, id_proveedores, id_producto) values (8, 66, 14, 8);
insert into stock (id_stock, cantidad, id_proveedores, id_producto) values (9, 26, 9, 9);
insert into stock (id_stock, cantidad, id_proveedores, id_producto) values (10, 2, 6, 10);
insert into stock (id_stock, cantidad, id_proveedores, id_producto) values (11, 53, 4, 11);
insert into stock (id_stock, cantidad, id_proveedores, id_producto) values (12, 39, 10, 12);
insert into stock (id_stock, cantidad, id_proveedores, id_producto) values (13, 60, 6, 13);
insert into stock (id_stock, cantidad, id_proveedores, id_producto) values (14, 2, 8, 14);
insert into stock (id_stock, cantidad, id_proveedores, id_producto) values (15, 67, 10, 15);
insert into stock (id_stock, cantidad, id_proveedores, id_producto) values (16, 31, 8, 16);
insert into stock (id_stock, cantidad, id_proveedores, id_producto) values (17, 20, 3, 17);
insert into stock (id_stock, cantidad, id_proveedores, id_producto) values (18, 46, 4, 18);
insert into stock (id_stock, cantidad, id_proveedores, id_producto) values (19, 85, 8, 19);
insert into stock (id_stock, cantidad, id_proveedores, id_producto) values (20, 73, 15, 20);
insert into stock (id_stock, cantidad, id_proveedores, id_producto) values (21, 11, 12, 21);
insert into stock (id_stock, cantidad, id_proveedores, id_producto) values (22, 71, 6, 22);
insert into stock (id_stock, cantidad, id_proveedores, id_producto) values (23, 81, 7, 23);
insert into stock (id_stock, cantidad, id_proveedores, id_producto) values (24, 16, 9, 24);
insert into stock (id_stock, cantidad, id_proveedores, id_producto) values (25, 99, 14, 25);
insert into stock (id_stock, cantidad, id_proveedores, id_producto) values (26, 96, 10, 26);
insert into stock (id_stock, cantidad, id_proveedores, id_producto) values (27, 94, 7, 27);
insert into stock (id_stock, cantidad, id_proveedores, id_producto) values (28, 18, 9, 28);
insert into stock (id_stock, cantidad, id_proveedores, id_producto) values (29, 62, 8, 29);
insert into stock (id_stock, cantidad, id_proveedores, id_producto) values (30, 30, 6, 30);
insert into stock (id_stock, cantidad, id_proveedores, id_producto) values (31, 99, 12, 31);
insert into stock (id_stock, cantidad, id_proveedores, id_producto) values (32, 67, 9, 32);
insert into stock (id_stock, cantidad, id_proveedores, id_producto) values (33, 6, 5, 33);
insert into stock (id_stock, cantidad, id_proveedores, id_producto) values (34, 2, 13, 34);
insert into stock (id_stock, cantidad, id_proveedores, id_producto) values (35, 45, 7, 35);
insert into stock (id_stock, cantidad, id_proveedores, id_producto) values (36, 16, 5, 36);
insert into stock (id_stock, cantidad, id_proveedores, id_producto) values (37, 24, 6, 37);
insert into stock (id_stock, cantidad, id_proveedores, id_producto) values (38, 89, 7, 38);
insert into stock (id_stock, cantidad, id_proveedores, id_producto) values (39, 21, 2, 39);
insert into stock (id_stock, cantidad, id_proveedores, id_producto) values (40, 88, 14, 40);
insert into stock (id_stock, cantidad, id_proveedores, id_producto) values (41, 25, 7, 41);
insert into stock (id_stock, cantidad, id_proveedores, id_producto) values (42, 1, 14, 42);
insert into stock (id_stock, cantidad, id_proveedores, id_producto) values (43, 39, 11, 43);
insert into stock (id_stock, cantidad, id_proveedores, id_producto) values (44, 30, 12, 44);
insert into stock (id_stock, cantidad, id_proveedores, id_producto) values (45, 93, 1, 45);
insert into stock (id_stock, cantidad, id_proveedores, id_producto) values (46, 78, 11, 46);
insert into stock (id_stock, cantidad, id_proveedores, id_producto) values (47, 100, 8, 47);
insert into stock (id_stock, cantidad, id_proveedores, id_producto) values (48, 63, 9, 48);
insert into stock (id_stock, cantidad, id_proveedores, id_producto) values (49, 10, 6, 49);
insert into stock (id_stock, cantidad, id_proveedores, id_producto) values (50, 57, 3, 50);
insert into stock (id_stock, cantidad, id_proveedores, id_producto) values (51, 48, 5, 51);
insert into stock (id_stock, cantidad, id_proveedores, id_producto) values (52, 22, 7, 52);
insert into stock (id_stock, cantidad, id_proveedores, id_producto) values (53, 45, 6, 53);
insert into stock (id_stock, cantidad, id_proveedores, id_producto) values (54, 8, 13, 54);
insert into stock (id_stock, cantidad, id_proveedores, id_producto) values (55, 2, 10, 55);
insert into stock (id_stock, cantidad, id_proveedores, id_producto) values (56, 62, 9, 56);
insert into stock (id_stock, cantidad, id_proveedores, id_producto) values (57, 24, 12, 57);
insert into stock (id_stock, cantidad, id_proveedores, id_producto) values (58, 8, 14, 58);
insert into stock (id_stock, cantidad, id_proveedores, id_producto) values (59, 13, 13, 59);
insert into stock (id_stock, cantidad, id_proveedores, id_producto) values (60, 98, 14, 60);
insert into stock (id_stock, cantidad, id_proveedores, id_producto) values (61, 19, 9, 61);
insert into stock (id_stock, cantidad, id_proveedores, id_producto) values (62, 85, 12, 62);
insert into stock (id_stock, cantidad, id_proveedores, id_producto) values (63, 28, 2, 63);
insert into stock (id_stock, cantidad, id_proveedores, id_producto) values (64, 76, 4, 64);
insert into stock (id_stock, cantidad, id_proveedores, id_producto) values (65, 2, 13, 65);
insert into stock (id_stock, cantidad, id_proveedores, id_producto) values (66, 51, 9, 66);
insert into stock (id_stock, cantidad, id_proveedores, id_producto) values (67, 7, 13, 67);
insert into stock (id_stock, cantidad, id_proveedores, id_producto) values (68, 61, 11, 68);
insert into stock (id_stock, cantidad, id_proveedores, id_producto) values (69, 47, 12, 69);
insert into stock (id_stock, cantidad, id_proveedores, id_producto) values (70, 9, 6, 70);
insert into stock (id_stock, cantidad, id_proveedores, id_producto) values (71, 86, 13, 71);
insert into stock (id_stock, cantidad, id_proveedores, id_producto) values (72, 39, 4, 72);
insert into stock (id_stock, cantidad, id_proveedores, id_producto) values (73, 71, 2, 73);
insert into stock (id_stock, cantidad, id_proveedores, id_producto) values (74, 67, 4, 74);
insert into stock (id_stock, cantidad, id_proveedores, id_producto) values (75, 90, 4, 75);
insert into stock (id_stock, cantidad, id_proveedores, id_producto) values (76, 4, 15, 76);
insert into stock (id_stock, cantidad, id_proveedores, id_producto) values (77, 42, 4, 77);
insert into stock (id_stock, cantidad, id_proveedores, id_producto) values (78, 98, 9, 78);
insert into stock (id_stock, cantidad, id_proveedores, id_producto) values (79, 69, 14, 79);
insert into stock (id_stock, cantidad, id_proveedores, id_producto) values (80, 46, 9, 80);
insert into stock (id_stock, cantidad, id_proveedores, id_producto) values (81, 60, 9, 81);
insert into stock (id_stock, cantidad, id_proveedores, id_producto) values (82, 93, 11, 82);
insert into stock (id_stock, cantidad, id_proveedores, id_producto) values (83, 51, 9, 83);
insert into stock (id_stock, cantidad, id_proveedores, id_producto) values (84, 77, 15, 84);
insert into stock (id_stock, cantidad, id_proveedores, id_producto) values (85, 13, 3, 85);
insert into stock (id_stock, cantidad, id_proveedores, id_producto) values (86, 79, 7, 86);
insert into stock (id_stock, cantidad, id_proveedores, id_producto) values (87, 9, 10, 87);
insert into stock (id_stock, cantidad, id_proveedores, id_producto) values (88, 38, 6, 88);
insert into stock (id_stock, cantidad, id_proveedores, id_producto) values (89, 27, 12, 89);
insert into stock (id_stock, cantidad, id_proveedores, id_producto) values (90, 12, 12, 90);
insert into stock (id_stock, cantidad, id_proveedores, id_producto) values (91, 46, 2, 91);
insert into stock (id_stock, cantidad, id_proveedores, id_producto) values (92, 41, 1, 92);
insert into stock (id_stock, cantidad, id_proveedores, id_producto) values (93, 95, 5, 93);
insert into stock (id_stock, cantidad, id_proveedores, id_producto) values (94, 31, 5, 94);
insert into stock (id_stock, cantidad, id_proveedores, id_producto) values (95, 64, 10, 95);
insert into stock (id_stock, cantidad, id_proveedores, id_producto) values (96, 2, 14, 96);
insert into stock (id_stock, cantidad, id_proveedores, id_producto) values (97, 14, 4, 97);
insert into stock (id_stock, cantidad, id_proveedores, id_producto) values (98, 56, 1, 98);
insert into stock (id_stock, cantidad, id_proveedores, id_producto) values (99, 100, 13, 99);
insert into stock (id_stock, cantidad, id_proveedores, id_producto) values (100, 44, 13, 100);

-- sucursal
insert into sucursal (id_sucursal, nombre, domicilio) values (1, 'Kertzmann-Hettinger', '53 Montana Junction');
insert into sucursal (id_sucursal, nombre, domicilio) values (2, 'Fisher Group', '72 Maywood Center');
insert into sucursal (id_sucursal, nombre, domicilio) values (3, 'Ortiz Group', '49 Granby Avenue');
insert into sucursal (id_sucursal, nombre, domicilio) values (4, 'Ankunding-Glover', '4 Portage Court');
insert into sucursal (id_sucursal, nombre, domicilio) values (5, 'Gutmann-Wisoky', '5554 Bellgrove Hill');

-- cajas
insert into cajas (id_caja, id_sucursal, id_empleado) values (1, 1, 30);
insert into cajas (id_caja, id_sucursal, id_empleado) values (2, 2, 28);
insert into cajas (id_caja, id_sucursal, id_empleado) values (3, 1, 26);
insert into cajas (id_caja, id_sucursal, id_empleado) values (4, 3, 8);
insert into cajas (id_caja, id_sucursal, id_empleado) values (5, 4, 17);
insert into cajas (id_caja, id_sucursal, id_empleado) values (6, 5, 10);
insert into cajas (id_caja, id_sucursal, id_empleado) values (7, 1, 9);
insert into cajas (id_caja, id_sucursal, id_empleado) values (8, 5, 1);
insert into cajas (id_caja, id_sucursal, id_empleado) values (9, 5, 3);
insert into cajas (id_caja, id_sucursal, id_empleado) values (10, 2, 13);

-- pagos
insert into pagos (id_pago, total_gastado, metodo_pago, id_caja) values (1, 416461.27, 'efectivo', 2);
insert into pagos (id_pago, total_gastado, metodo_pago, id_caja) values (2, 366502.76, 'tarjeta', 9);
insert into pagos (id_pago, total_gastado, metodo_pago, id_caja) values (3, 350806.61, 'efectivo', 8);
insert into pagos (id_pago, total_gastado, metodo_pago, id_caja) values (4, 44887.55, 'tarjeta', 8);
insert into pagos (id_pago, total_gastado, metodo_pago, id_caja) values (5, 387518.33, 'efectivo', 6);
insert into pagos (id_pago, total_gastado, metodo_pago, id_caja) values (6, 210559.27, 'tarjeta', 7);
insert into pagos (id_pago, total_gastado, metodo_pago, id_caja) values (7, 460242.5, 'efectivo', 9);
insert into pagos (id_pago, total_gastado, metodo_pago, id_caja) values (8, 36998.52, 'tarjeta', 7);
insert into pagos (id_pago, total_gastado, metodo_pago, id_caja) values (9, 342577.56, 'tarjeta', 8);
insert into pagos (id_pago, total_gastado, metodo_pago, id_caja) values (10, 226543.99, 'tarjeta', 3);


-- detalle de venta armar con el procedure

insert into detalle_venta (id_detalle_venta, id_producto, cantidad, precio_producto, id_pago) values (1, 38, 2, 13821.31, 7);
insert into detalle_venta (id_detalle_venta, id_producto, cantidad, precio_producto, id_pago) values (2, 100, 10, 49863.24, 10);
insert into detalle_venta (id_detalle_venta, id_producto, cantidad, precio_producto, id_pago) values (3, 37, 6, 3786.09, 5);
insert into detalle_venta (id_detalle_venta, id_producto, cantidad, precio_producto, id_pago) values (4, 54, 4, 21222.07, 4);
insert into detalle_venta (id_detalle_venta, id_producto, cantidad, precio_producto, id_pago) values (5, 81, 9, 29240.29, 1);
insert into detalle_venta (id_detalle_venta, id_producto, cantidad, precio_producto, id_pago) values (6, 91, 10, 7266.23, 7);
insert into detalle_venta (id_detalle_venta, id_producto, cantidad, precio_producto, id_pago) values (7, 43, 6, 14904.36, 5);
insert into detalle_venta (id_detalle_venta, id_producto, cantidad, precio_producto, id_pago) values (8, 2, 5, 36026.08, 6);
insert into detalle_venta (id_detalle_venta, id_producto, cantidad, precio_producto, id_pago) values (9, 4, 3, 20786.17, 9);
insert into detalle_venta (id_detalle_venta, id_producto, cantidad, precio_producto, id_pago) values (10, 72, 4, 275.88, 4);

-- ventas

insert into ventas (id_venta, id_cliente, id_producto, id_empleado, id_pago, id_detalle_venta, fecha) values (1, 71, 52, 3, 2, 3, '2023-06-21 01:08:07');
insert into ventas (id_venta, id_cliente, id_producto, id_empleado, id_pago, id_detalle_venta, fecha) values (2, 98, 95, 26, 1, 7, '2024-02-08 03:50:23');
insert into ventas (id_venta, id_cliente, id_producto, id_empleado, id_pago, id_detalle_venta, fecha) values (3, 62, 57, 18, 6, 8, '2024-02-21 15:30:37');
insert into ventas (id_venta, id_cliente, id_producto, id_empleado, id_pago, id_detalle_venta, fecha) values (4, 75, 55, 23, 4, 9, '2024-01-30 18:14:02');
insert into ventas (id_venta, id_cliente, id_producto, id_empleado, id_pago, id_detalle_venta, fecha) values (5, 97, 41, 10, 10, 5, '2023-07-20 18:56:18');
insert into ventas (id_venta, id_cliente, id_producto, id_empleado, id_pago, id_detalle_venta, fecha) values (6, 15, 84, 6, 10, 5, '2023-04-29 07:21:24');
insert into ventas (id_venta, id_cliente, id_producto, id_empleado, id_pago, id_detalle_venta, fecha) values (7, 57, 47, 19, 1, 2, '2024-02-10 13:35:53');
insert into ventas (id_venta, id_cliente, id_producto, id_empleado, id_pago, id_detalle_venta, fecha) values (8, 91, 78, 19, 3, 7, '2023-08-28 22:59:21');
insert into ventas (id_venta, id_cliente, id_producto, id_empleado, id_pago, id_detalle_venta, fecha) values (9, 52, 54, 5, 4, 4, '2023-09-23 19:33:05');
insert into ventas (id_venta, id_cliente, id_producto, id_empleado, id_pago, id_detalle_venta, fecha) values (10, 19, 93, 2, 5, 4, '2023-09-03 07:35:19');